customer_id,first_name,last_name,email,phone,dob,gender,city,state,country,registration_date,customer_segment
1,Danielle,Johnson,danielle.johnson82@hotmail.com,0321819600,1993-04-06,F,South Jessetown,ACT,,17/07/2020,premium
2,Anna,Baldwin,anna.baldwin65@hotmail.com.au,+61-3-7940-2654,1985-03-05,m,South Susan,NSW,australia,02/12/2020,vip
3,Matthew,Davis,matthew.davis20@gmail.com,(07)94078161,04/01/1994,m,Mariastad,NSW,Aus,2020-11-20,standard
4,Barbara,Bush,barbara.bush71@gmail.com,+61.434.131.647,13/03/1988,M,Franciscostad,WA,AU,20/06/2022,standard
5,Jason,Adams,jason.adams49@gmail.com,+61 428 327 648,07/07/1988,F,Lake Megan,QLD,,05/09/2023,Standard
6,Kimberly,Perez,kimberly.perez49@gmail.com,(08).4139.5376,07/05/2001,M,Thomasberg,WA,Australia,2022-08-03,vip
7,John,Hoffman,john.hoffman9@hotmail.com,0469.653.287,2002-04-18,female,North Michelleberg,QLD,AU,03/07/2022,Premium
8,Courtney,Conner,courtney.conner55@yahoo.com.au,+61 416 697 848,1977-11-30,M,East Erinside,VIC,australia,2021-01-11,Premium
9,Karen,Mack,karen.mack9@hotmail.com,46270482,1986-09-24,F,New Meaganhaven,SA,AU,2021-08-16,premium
10,Chelsea,Hernandez,john.hoffman9@hotmail.com,0480-957-015,2003-08-06,m,Johnbury,WA,australia,22/10/2021,Premium
11,Natalie,Arroyo,natalie.arroyo68@gmail.com,+61282278248,11/13/1986,m,Brandtside,WA,Australia,2020-10-25,standard
12,Karina,Vaughn,karina.vaughn94@hotmail.com,+61 7 7871 3315,1963-02-07,Male,South Briannatown,SA,,2023-04-07,premium
13,Chad,Welch,chad.welch70@yahoo.com,0518.3473,12/11/1990,female,St. John,VIC,australia,02/16/2020,standard
14,Thomas,Russell,,65667010,1986-05-25,M,Chandlerville,TAS,Australia,03/27/2020,Standard
15,John,Lee,john.lee28@yahoo.com.au,08 2473 1781,12/06/1992,male,North Tanyabury,WA,Australia,2024-03-30,vip
16,Gabriel,Tucker,gabriel.tucker55@yahoo.com,+61 2 2606 4746,1998-10-01,f,Mooreport,VIC,australia,2023-02-02,premium
17,Jeff,Brown,jeff.brown55@hotmail.com.au,,1980-10-01,M,East Melissaland,VIC,australia,2020-05-26,Standard
18,Brooke,Leonard,brooke.leonard28@yahoo.com,,2000-06-24,female,Sarahborough,SA,Aus,2019-05-01,premium
19,Elizabeth,Edwards,elizabeth.edwards25@hotmail.com,+61 3 4751 0799,06/15/2003,female,East Amandahaven,QLD,Australia,2019-04-30,premium
20,Joseph,Mahoney,joseph.mahoney9@gmail.com,0742784980,15/04/1990,M,Sarahville,VIC,Aus,11/01/2023,vip
21,Sheila,Taylor,sheila.taylor27@gmail.com,82449353,02/03/1974,F,Williamview,NSW,Aus,2020-05-03,standard
22,Rebecca,Mathis,rebecca.mathis69@gmail.com,+61-464-005-242,24/11/1971,Male,Arnoldchester,NT,,2019-09-29,Premium
23,Ann,Rodriguez,ann.rodriguez39@yahoo.com,0405-982-620,1964-08-24,Male,Michaelton,SA,AU,04/06/2024,premium
24,Rachel,Clark,rachel.clark88@yahoo.com,+61.415.869.232,1971-11-04,male,Port Angel,SA,,01/11/2021,vip
25,Jill,Cook,jill.cook21@yahoo.com.au,,1984-09-29,Male,St. Michael,NSW,AU,16/12/2022,Standard
26,Lori,Savage,lori.savage17@yahoo.com,3654 1458,1976-05-10,Female,Frazierside,WA,Australia,2024-01-16,Premium
27,Mark,Johnson,mark.johnson96@hotmail.com,07-0196-5569,17/09/2001,M,Port Rachelborough,QLD,AU,2020-04-29,premium
28,Jonathan,Fletcher,jonathan.fletcher35@gmail.com,,1991-06-16,female,New Williamchester,TAS,AU,10/08/2019,premium
29,Mark,Terry,mark.terry4@hotmail.com.au,,11/15/1977,male,New Justinchester,TAS,Australia,11/03/2020,premium
30,Kristi,Lawson,kristi.lawson75@hotmail.com,+61.8.7387.2148,11/28/1971,F,Clarencebury,ACT,,2019-03-20,Standard
31,Emily,Walker,emily.walker1@yahoo.com,02 0379 1769,05/03/1996,F,Port Troy,TAS,,2022-01-07,vip
32,John,Douglas,john.douglas65@gmail.com,63287083,27/04/1978,male,St. Dennismouth,QLD,,2020-10-30,Premium
33,Elizabeth,Travis,elizabeth.travis1@hotmail.com.au,(08).9868.7277,06/05/1969,female,Karenview,WA,,30/05/2021,standard
34,Katie,Boyd,katie.boyd37@yahoo.com,(08) 1434 5581,23/05/1988,Female,West Jesse,WA,,22/06/2022,Standard
35,Heather,Mccarthy,heather.mccarthy79@gmail.com,+61-8-5876-0366,08/04/1963,male,Port Thomasstad,NT,Aus,2021-07-21,standard
36,Kenneth,Price,kenneth.price55@yahoo.com.au,0489-373-467,26/01/1996,F,Port Matthewfurt,NT,australia,05/15/2024,Standard
37,Jennifer,Pittman,jennifer.pittman79@yahoo.com,+61 480 699 016,2000-01-05,female,St. Hunter,NT,AU,10/30/2021,Premium
38,Jorge,Murphy,jorge.murphy63@yahoo.com.au,(07).6464.1708,04/26/1972,F,Lake Jeffreyland,QLD,australia,19/06/2021,premium
39,Kimberly,Pearson,kimberly.pearson9@gmail.com,,1974-11-04,M,St. Holly,ACT,,01/16/2022,vip
40,Katie,Jackson,katie.jackson97@hotmail.com.au,24190496,30/12/1999,m,Davidborough,ACT,,05/06/2024,Standard
41,Charles,Vaughn,charles.vaughn93@yahoo.com,49190586,1980-12-18,M,Caseymouth,VIC,Aus,2024-02-27,premium
42,Alexander,Fisher,alexander.fisher7@yahoo.com.au,65726284,1974-09-07,male,Marshallshire,SA,Australia,2020-03-09,vip
43,Joseph,Christian,joseph.christian29@gmail.com,(08) 3799 6507,16/01/1995,M,Hunterborough,QLD,australia,2024-05-14,Premium
44,Michael,Green,michael.green28@hotmail.com,+61 448 083 136,1971-06-30,Male,Petersbury,SA,Australia,04/20/2023,Premium
45,Hannah,Brewer,hannah.brewer87@yahoo.com.au,+61.2.1436.3495,01/11/1976,m,Transtad,VIC,,03/23/2021,Premium
46,Ronald,Reese,ronald.reese55@hotmail.com,,1963-02-03,F,South Javier,ACT,AU,2021-11-02,premium
47,Todd,Hardy,todd.hardy56@hotmail.com.au,+61 441 343 524,1983-05-28,m,West Joshuaton,TAS,australia,2024-05-31,vip
48,Angela,Terry,angela.terry58@yahoo.com,+61-471-094-777,1980-11-04,f,Jackton,QLD,Aus,03/13/2022,vip
49,Johnny,Hensley,johnny.hensley36@gmail.com,,15/06/1991,male,Christopherbury,NT,,2023-12-08,Standard
50,David,Duran,david.duran58@hotmail.com.au,+61 493 867 749,03/04/1964,f,Torreston,NT,,2020-08-25,Premium
51,Chelsea,Singh,chelsea.singh43@yahoo.com,+61-434-123-281,09/05/1980,Male,North Ricky,WA,australia,07/08/2020,Premium
52,Hannah,Harrison,hannah.harrison98@gmail.com,0747134936,09/10/1972,M,South Deborahview,QLD,,2019-07-25,Premium
53,Margaret,Jones,margaret.jones38@yahoo.com,(07)-7174-6488,1965-08-30,female,Kimton,NT,Aus,2022-07-30,vip
54,Pamela,Navarro,pamela.navarro62@hotmail.com.au,(02) 1399 0490,1962-12-06,m,St. April,VIC,australia,2021-03-31,Premium
55,Scott,Ramirez,scott.ramirez77@hotmail.com.au,+61-8-1756-5512,1970-02-14,male,Robertfort,SA,,2023-05-08,premium
56,Keith,Landry,keith.landry81@hotmail.com.au,7154-5168,1989-08-16,male,St. Robertborough,NT,,2019-06-16,premium
57,April,Dean,april.dean37@yahoo.com.au,+61-470-348-247,07/14/1991,Female,Martinezbury,ACT,Australia,27/10/2023,vip
58,Jennifer,Collins,jennifer.collins19@gmail.com,0461-317-127,06/11/1967,female,Williamview,SA,Aus,2023-06-12,Standard
59,Robert,Olson,robert.olson11@yahoo.com.au,0882639821,1999-11-24,M,Kendrachester,SA,,03/06/2021,Standard
60,Matthew,French,matthew.french67@hotmail.com,4499 7278,2001-02-02,female,Reedside,TAS,Aus,2020-07-23,premium
61,Kathryn,Bennett,kathryn.bennett43@hotmail.com,03.9636.0576,1982-03-23,f,Mcneilberg,SA,AU,2020-08-13,Premium
62,Tyler,Johnson,tyler.johnson1@hotmail.com.au,0451.718.702,05/03/1984,female,Pittsberg,NT,Australia,04/08/2021,vip
63,Charles,Harrington,charles.harrington57@hotmail.com,(08).1586.5780,28/09/1981,m,South Crystalport,NSW,,06/09/2019,standard
64,Wendy,Francis,wendy.francis60@yahoo.com.au,17240050,01/20/1989,m,Michaelchester,ACT,Aus,01/09/2023,Standard
65,Dustin,Schmidt,dustin.schmidt71@hotmail.com.au,+61.422.219.693,19/07/1968,m,Durhamberg,ACT,AU,03/02/2024,standard
66,Jesse,Little,jesse.little37@yahoo.com.au,(02) 7482 1759,26/07/1997,female,Daniellechester,TAS,AU,2022-04-17,Standard
67,Hannah,Bryant,hannah.bryant42@hotmail.com,08.7136.9594,,female,Andrewfurt,ACT,Aus,29/11/2022,Standard
68,Joshua,Knight,joshua.knight5@gmail.com,+61 474 395 339,2003-04-21,female,Ericaberg,NSW,australia,23/04/2022,standard
69,Courtney,Berger,courtney.berger61@gmail.com,(08)-0952-1456,1971-11-21,male,South David,TAS,Aus,2020-11-24,Premium
70,Amber,Mata,amber.mata9@hotmail.com.au,0442 474 517,1990-09-13,F,West Karenbury,VIC,Aus,03/01/2024,standard
71,Michelle,Ramsey,michelle.ramsey6@yahoo.com.au,0451-604-817,08/07/1962,Male,Emilyview,QLD,australia,2020-08-23,Premium
72,Brenda,Carson,brenda.carson88@hotmail.com,37098593,12/11/2000,M,St. Reginaport,NT,AU,09/04/2022,standard
73,Debra,Wilson,debra.wilson57@gmail.com,4711-3826,05/10/1986,m,Watsonside,WA,Aus,2020-09-04,premium
74,Robert,Newton,robert.newton49@yahoo.com,+61-2-7964-0537,1985-10-13,M,Sampsonstad,NT,AU,28/08/2020,Premium
75,Cory,Jennings,cory.jennings46@hotmail.com.au,+61-450-643-171,12/07/1968,M,North Brent,SA,,06/25/2022,premium
76,Matthew,Zhang,matthew.zhang12@hotmail.com.au,02.8393.3529,08/27/1974,m,New Micheleberg,QLD,AU,2023-03-11,vip
77,Vanessa,Fernandez,vanessa.fernandez96@yahoo.com,,28/01/1996,male,New Brian,TAS,Australia,2019-08-24,vip
78,Judy,Fox,judy.fox69@gmail.com,+61858917839,1976-07-13,f,New Stephentown,VIC,australia,10/09/2022,Premium
79,Bruce,Mendoza,bruce.mendoza29@yahoo.com.au,+61-2-7711-5921,1988-07-02,M,New Claudia,NSW,AU,2023-08-15,standard
80,Brenda,Joseph,brenda.joseph31@yahoo.com.au,+61 484 789 611,1966-01-31,Male,Port Shannon,ACT,Australia,2021-03-06,vip
81,Jeremy,Morgan,jeremy.morgan5@yahoo.com.au,+61 8 1565 4527,09/29/1969,f,East Marieland,TAS,Australia,27/06/2021,standard
82,Ryan,Garner,ryan.garner59@hotmail.com,02 9885 1656,1969-07-07,Female,New Carolinestad,QLD,,07/08/2022,Premium
83,Dale,Romero,dale.romero28@yahoo.com,+61.473.158.514,1970-06-14,Male,Port Megan,QLD,,03/11/2020,standard
84,Terri,Cardenas,terri.cardenas85@hotmail.com.au,+61.480.940.244,,m,Michaelburgh,NSW,australia,2019-01-31,standard
85,Molly,Knight,molly.knight61@yahoo.com.au,2018.3667,28/03/1976,M,Ericport,SA,Aus,2021-11-17,standard
86,Jennifer,Frank,jennifer.frank62@hotmail.com.au,+61 410 229 014,1979-02-14,F,Stanleyfort,TAS,,06/11/2022,vip
87,Catherine,Perry,catherine.perry80@yahoo.com,0415 614 978,08/06/1984,male,Brandonfurt,VIC,Australia,29/12/2022,Standard
88,Tracey,Brown,tracey.brown58@yahoo.com,(03)-2445-1076,1978-07-24,f,West Omar,SA,AU,2020-11-25,standard
89,Jane,Mason,jane.mason12@hotmail.com,6060.7159,07/03/1964,f,Berrychester,VIC,Aus,2021-06-03,standard
90,Keith,Sullivan,keith.sullivan37@hotmail.com,08-5161-3696,1975-10-10,F,Port Monicamouth,TAS,,08/01/2019,Premium
91,Jeffrey,Maxwell,jeffrey.maxwell29@gmail.com,0418 835 523,1997-11-29,m,West Jonathanburgh,NSW,australia,02/22/2022,vip
92,Carrie,Wolf,karina.vaughn94@hotmail.com,08-7997-9955,1985-05-27,Female,St. Carlos,ACT,Aus,08/09/2022,vip
93,Scott,Turner,scott.turner40@hotmail.com,0405.814.770,1994-11-05,M,Lake Marieland,VIC,AU,2024-04-12,Standard
94,Deanna,Madden,deanna.madden78@gmail.com,+61 498 679 807,1972-04-02,female,Lake Cassidy,SA,Australia,2020-03-17,standard
95,Walter,Rosario,walter.rosario27@yahoo.com.au,51820377,06/22/1969,female,Lake Nathan,ACT,australia,21/04/2023,Premium
96,Justin,Ortiz,justin.ortiz72@hotmail.com,+61.490.515.186,1996-02-29,female,Johnathanberg,VIC,AU,2020-12-26,Standard
97,Mathew,Aguilar,mathew.aguilar38@yahoo.com,(07)62914865,1960-12-07,f,East Debbie,VIC,Aus,01/06/2024,Standard
98,Rodney,Cox,rodney.cox76@hotmail.com,(03)-3573-3221,12/07/1963,Male,Meganville,VIC,,21/03/2021,vip
99,William,Fernandez,william.fernandez45@hotmail.com.au,5929-6222,25/09/1996,Male,St. Bradley,QLD,Australia,2022-08-14,Standard
100,Michael,Ball,michael.ball97@yahoo.com.au,+61 447 383 473,12/29/1985,f,Erikashire,QLD,Aus,2021-07-08,vip
101,Tracey,Murray,tracey.murray36@hotmail.com,+61 8 2392 4075,1975-10-15,m,East Justinburgh,VIC,Australia,2021-11-05,Standard
102,Joshua,Whitehead,joshua.whitehead75@yahoo.com,+61-2-3750-6068,09/07/1995,female,Joeland,QLD,Australia,02/22/2023,standard
103,Nicholas,Johnson,nicholas.johnson65@gmail.com,+61-452-204-727,03/10/1961,m,Gilbertland,ACT,Aus,2020-05-22,vip
104,Andrew,Lewis,andrew.lewis9@yahoo.com,0498-614-341,10/01/1985,Male,South Robertmouth,TAS,AU,2022-10-21,premium
105,Bryan,Copeland,bryan.copeland77@yahoo.com.au,+61 480 893 246,10/20/1963,F,Lake Johnchester,ACT,,09/26/2020,vip
106,Jacob,Barnett,jacob.barnett24@hotmail.com.au,(02)88888067,30/04/1975,m,Port Tinaview,VIC,,2024-04-24,vip
107,Julie,Kelly,julie.kelly99@gmail.com,(03)19520585,16/10/1986,M,St. Tina,ACT,AU,10/02/2021,Standard
108,Timothy,White,timothy.white79@yahoo.com,7043.0305,07/30/1993,female,Zacharyside,WA,AU,2023-05-25,Standard
109,Thomas,Johnson,thomas.johnson99@yahoo.com,(07)-0541-5667,16/02/1977,Male,Morganburgh,SA,Australia,10/26/2021,Premium
110,Tyler,Jimenez,tyler.jimenez14@hotmail.com.au,(02) 6169 2845,21/02/1983,Male,East Markport,ACT,Australia,10/10/2023,Standard
111,Kirk,Morrison,kirk.morrison45@yahoo.com.au,08-5705-9640,1978-08-11,f,Port Michaelburgh,WA,Australia,2019-04-20,vip
112,Stephanie,Thomas,stephanie.thomas19@hotmail.com.au,+61.470.213.556,13/11/1972,female,West Erikastad,NT,,2024-02-22,standard
113,Nathan,Hines,nathan.hines33@hotmail.com.au,07 6543 1027,1966-09-15,m,Mcintyreville,WA,AU,28/01/2022,Standard
114,Jose,Green,jose.green82@yahoo.com.au,07.7312.1727,1980-07-03,Female,Lake Elizabethland,QLD,AU,05/09/2019,premium
115,Andrea,Roberts,andrea.roberts74@hotmail.com,03-5831-3237,1989-10-20,M,Lake Angelastad,ACT,,2022-09-30,vip
116,Tanner,Bird,tanner.bird33@yahoo.com,+61 411 467 866,1976-01-07,f,West Teresaland,QLD,Australia,06/03/2023,premium
117,Shannon,Frazier,shannon.frazier88@hotmail.com,03 2680 1824,1991-03-12,female,West Marcus,NSW,AU,07/09/2021,standard
118,Jenna,Reed,jenna.reed41@hotmail.com.au,(02)-4384-2498,,Female,West Brittanyshire,SA,AU,2021-03-26,vip
119,Eric,Hopkins,eric.hopkins35@hotmail.com.au,(02).0109.4396,1976-07-04,Male,St. Pamelaside,NT,Aus,06/13/2021,standard
120,Keith,Frye,keith.frye94@yahoo.com.au,0847102767,04/26/1979,F,Harrisberg,TAS,AU,2022-05-18,premium
121,Larry,Higgins,larry.higgins89@hotmail.com,+61 3 5881 5371,1980-01-21,M,Shannonberg,VIC,Aus,28/03/2019,standard
122,Colin,Roberts,colin.roberts19@yahoo.com.au,+61 463 259 532,01/06/1990,f,Ferrellmouth,TAS,Aus,2023-05-20,Premium
123,Victor,Parker,victor.parker20@gmail.com,6873.3950,24/07/2002,male,New Troyfort,TAS,AU,2021-01-29,standard
124,Justin,Smith,justin.smith95@gmail.com,+61-3-4565-0609,03/23/1983,Female,Lake Angela,SA,Aus,03/03/2021,standard
125,Charles,Gordon,charles.gordon58@hotmail.com.au,(02) 2165 5852,12/31/1991,F,Port Vincent,SA,AU,30/06/2021,vip
126,Brandon,Taylor,brandon.taylor66@hotmail.com,+61829825952,1969-01-05,f,Ewingport,NT,,2023-06-11,standard
127,Brittney,Romero,brittney.romero40@hotmail.com.au,0479-470-551,1992-02-28,F,Silvatown,QLD,AU,2023-01-12,Standard
128,Candice,Baker,candice.baker88@hotmail.com.au,0430.972.896,03/10/1965,Male,South Anthony,ACT,,2023-12-04,standard
129,Stacy,Rodriguez,stacy.rodriguez67@gmail.com,+61.7.6263.6897,05/21/1967,m,West Aprilside,VIC,AU,11/28/2019,premium
130,Mark,Bates,mark.bates81@hotmail.com.au,+61 7 2785 8549,06/12/1983,f,Leebury,NSW,Australia,07/11/2019,premium
131,Joshua,Evans,joshua.evans99@hotmail.com,(03)-7575-8441,09/23/1987,m,Huangfurt,NT,australia,2022-08-01,vip
132,Loretta,Blevins,loretta.blevins59@yahoo.com,(02)-4157-4733,08/09/1962,Male,Sarahview,TAS,AU,11/20/2019,Standard
133,Derrick,Gilbert,derrick.gilbert17@hotmail.com.au,0308330165,1983-02-06,Female,Garciaberg,QLD,,2022-02-24,Premium
134,Adam,Pierce,adam.pierce54@yahoo.com,+61-8-7345-4019,10/25/1998,Male,North Robin,NT,,01/22/2024,Standard
135,Gregory,Khan,gregory.khan3@yahoo.com,6724-0049,,m,Lake Justinside,NT,,2021-11-01,vip
136,Alice,Small,katie.jackson97@hotmail.com.au,0474 315 274,1979-05-01,male,North Jill,NSW,,10/02/2019,Premium
137,Krystal,Bradley,krystal.bradley37@yahoo.com,08-6851-6122,1982-08-14,F,Morrisbury,ACT,AU,07/11/2021,Premium
138,Adam,Reyes,adam.reyes47@yahoo.com.au,(07) 4990 4530,,f,St. Kurtfurt,NT,,18/05/2022,vip
139,Gina,Leblanc,gina.leblanc79@hotmail.com,45933272,08/17/1977,female,Adkinsstad,SA,Aus,06/16/2022,vip
140,Robert,Dunn,robert.dunn87@yahoo.com.au,0433-918-785,1978-09-07,m,East Bryanside,WA,Australia,10/04/2022,Premium
141,Rebecca,Harris,rebecca.harris81@hotmail.com.au,03 5871 3971,,F,Stokesmouth,WA,Australia,2023-09-19,premium
142,David,Perry,david.perry53@hotmail.com.au,8740-6403,1978-05-29,Female,North Rodneyland,TAS,Aus,10/24/2021,premium
143,Amber,Brown,amber.brown59@gmail.com,+61246226567,05/10/1975,Female,Bennettside,WA,AU,23/01/2022,vip
144,Dean,Dalton,dean.dalton99@gmail.com,08-8230-0478,04/19/1969,m,Patelbury,SA,Australia,2022-11-14,Standard
145,John,Reed,john.reed45@hotmail.com,02.0690.3311,1996-02-03,female,St. Carlaton,SA,Aus,10/27/2019,Premium
146,John,Williams,john.williams90@yahoo.com.au,0302843959,1964-11-24,Female,Joelberg,WA,Australia,06/14/2022,Standard
147,Valerie,Boyd,valerie.boyd13@yahoo.com.au,(07)-0892-6870,02/03/1966,female,Shellyfurt,NT,australia,01/11/2019,vip
148,Kristi,Flores,kristi.flores37@yahoo.com.au,+61-3-4628-7334,2000-09-22,Male,St. Robin,ACT,australia,2023-04-24,Standard
149,Anna,Faulkner,anna.faulkner64@hotmail.com.au,0426 343 517,,F,Christopherborough,TAS,AU,2024-05-24,premium
150,Brett,Bennett,brett.bennett65@hotmail.com.au,+61 401 398 373,1968-08-25,Male,Kevintown,NSW,AU,15/07/2023,premium
151,Jason,Lee,jason.lee79@gmail.com,+61393638546,2000-03-28,F,Fergusonstad,QLD,australia,10/04/2021,standard
152,Kyle,Ward,kyle.ward34@yahoo.com.au,+61.2.7535.5609,1980-01-15,f,West Allen,WA,Australia,2023-03-24,vip
153,Angela,Silva,angela.silva21@yahoo.com.au,(03)-3536-9378,07/17/1982,m,Jonathanfort,TAS,,05/03/2024,Standard
154,Tammy,May,tammy.may20@yahoo.com.au,+61.3.5228.7280,1987-03-04,Female,East Sierraton,WA,,2021-02-04,Premium
155,Kathy,Gutierrez,kathy.gutierrez58@yahoo.com,2038.7509,24/03/1976,Male,Hopkinstown,QLD,AU,2019-06-09,standard
156,Adam,Arnold,adam.arnold88@gmail.com,8484 0862,1986-02-27,male,East Alicebury,NT,,2021-09-28,vip
157,James,Fox,gabriel.tucker55@yahoo.com,(08) 1567 9334,1996-08-15,F,North Claytonfurt,NSW,Australia,2019-01-07,standard
158,Nicholas,Alvarez,nicholas.alvarez37@gmail.com,02-7659-1803,1994-06-29,male,St. Joseph,NT,Aus,05/10/2019,vip
159,Sandra,Cohen,sandra.cohen16@hotmail.com,0490-250-392,06/02/1984,M,Hickmanport,SA,Aus,2021-03-15,Premium
160,Francisco,Allen,francisco.allen49@yahoo.com.au,+61.485.621.850,,male,Port Jesseland,NSW,australia,2021-08-01,Premium
161,Matthew,Mack,matthew.mack5@hotmail.com.au,+61 7 0477 3586,1990-02-22,Female,Lopezshire,WA,Australia,12/11/2022,premium
162,Donna,Miller,donna.miller94@hotmail.com.au,(03)-1142-6265,26/11/1985,Male,Danieltown,WA,Aus,2022-05-09,Premium
163,Sherry,Wallace,sherry.wallace76@hotmail.com,21267888,,f,Garcialand,ACT,,2019-12-25,Standard
164,Michael,Davis,michael.davis20@hotmail.com.au,(08).0466.1839,31/03/1968,Male,Port Gavin,NT,Australia,2023-03-26,Premium
165,Joseph,Adams,joseph.adams68@yahoo.com,2646.4715,1970-11-22,F,Sherylfort,WA,Australia,2020-06-06,standard
166,Brittney,Gonzalez,brittney.gonzalez25@gmail.com,07 0659 6575,10/05/1986,f,Ochoaberg,SA,Australia,23/01/2023,standard
167,Kevin,Morrison,kevin.morrison96@yahoo.com,+61726547935,25/06/1981,Female,Ramirezfurt,TAS,AU,02/16/2024,vip
168,Michael,Frederick,michael.frederick34@yahoo.com,0482.807.374,1999-08-07,f,Port Emilyberg,WA,AU,2021-10-15,Premium
169,Cynthia,Allen,cynthia.allen29@yahoo.com,+61-8-1797-9688,1960-09-22,Female,Stephensstad,TAS,australia,18/06/2020,Standard
170,Jacqueline,Burnett,jacqueline.burnett71@hotmail.com.au,+61-411-352-909,1990-09-20,f,Rasmussenmouth,QLD,australia,2020-11-22,premium
171,Tammy,Jordan,tammy.jordan70@gmail.com,43888993,2002-12-09,M,Brooksmouth,NSW,Aus,01/05/2019,standard
172,Kelsey,Chapman,kelsey.chapman91@hotmail.com.au,,1969-10-23,M,Larrymouth,NSW,,2021-11-01,standard
173,Kristen,Boyd,kristen.boyd68@hotmail.com,+61277514010,1984-01-12,Male,Deborahburgh,VIC,Australia,10/08/2020,premium
174,Sarah,Yang,sarah.yang80@hotmail.com.au,03-5867-3622,07/26/1996,female,Fosterborough,WA,australia,2020-12-26,standard
175,Shannon,Jordan,shannon.jordan12@gmail.com,03.4191.8255,01/12/1976,male,St. Daniel,TAS,,2022-02-05,Premium
176,Emily,Burns,emily.burns6@hotmail.com,+61 469 691 557,,F,New Samantha,SA,,2023-11-13,premium
177,Brittany,Powers,joshua.whitehead75@yahoo.com,34125286,1986-05-01,m,Carlsonshire,QLD,,2019-10-23,Premium
178,Patrick,Lopez,patrick.lopez43@hotmail.com.au,+61-428-274-225,1993-03-07,f,Harveystad,NSW,Australia,2019-10-14,vip
179,Stephanie,Washington,stephanie.washington78@yahoo.com,+61 8 6767 7219,2002-10-31,female,South Kellyview,NT,australia,2022-05-04,Standard
180,Jeffrey,Roberts,jeffrey.roberts24@yahoo.com.au,0478.819.148,20/08/1989,F,Amberton,SA,australia,17/02/2021,Standard
181,Kathleen,Alexander,kathleen.alexander41@yahoo.com,+61-2-3407-4517,02/08/1964,F,South Jasonshire,QLD,Aus,2019-01-11,standard
182,Hannah,Callahan,hannah.callahan4@hotmail.com.au,+61-462-923-309,,male,Amandaside,ACT,Australia,10/07/2019,Premium
183,Gary,Werner,gary.werner67@hotmail.com,(07)-8126-0422,1977-01-28,Male,West Jennifer,ACT,AU,2019-12-14,standard
184,Maria,Juarez,maria.juarez47@yahoo.com.au,+61394667116,23/01/1971,Male,Heatherstad,SA,Australia,01/16/2023,Premium
185,Shawn,Freeman,shawn.freeman49@hotmail.com.au,1751 8636,13/10/1974,Female,St. Joseph,NT,AU,2021-06-20,vip
186,Maria,Morgan,maria.morgan38@hotmail.com.au,08 5001 7012,05/22/1988,male,Bryantchester,TAS,Australia,02/10/2021,Premium
187,James,Barker,james.barker70@yahoo.com,+61-442-415-415,07/06/1994,m,North Randy,VIC,Aus,31/01/2022,vip
188,Kevin,Lyons,kevin.lyons31@yahoo.com,+61-2-1037-1293,1966-11-30,female,Smithmouth,ACT,,2023-01-04,Premium
189,Lisa,Mcneil,lisa.mcneil5@yahoo.com.au,08 1361 1155,1976-02-16,Female,Derrickberg,TAS,australia,2022-12-07,Premium
190,Darlene,Byrd,darlene.byrd83@gmail.com,0490 927 532,,m,Jensenmouth,WA,,22/03/2023,Standard
191,Michelle,Miller,michelle.miller48@gmail.com,02 9656 5234,08/24/1994,female,South Angelaport,VIC,AU,2022-10-23,standard
192,Kimberly,Vaughn,kimberly.vaughn94@hotmail.com,03.6403.7613,1973-12-28,F,Littleland,NT,Aus,12/03/2020,standard
193,Allison,Levine,allison.levine91@hotmail.com,(03).6965.8271,02/02/1998,Female,East Alexanderborough,QLD,,2020-12-03,Standard
194,Bill,Brown,bill.brown30@yahoo.com.au,0448 666 188,,Female,New Christopher,NT,,2020-01-13,premium
195,Christian,Mccall,christian.mccall27@yahoo.com,0456-914-630,27/07/1991,Female,East Sandy,NT,Australia,2023-07-15,Premium
196,Darren,Salazar,darren.salazar82@gmail.com,(03)-1020-2758,06/07/1977,Male,Garyberg,SA,,05/06/2022,vip
197,Kara,Marks,kara.marks16@gmail.com,5648 1491,1965-03-31,Male,Gibsonstad,ACT,Aus,10/01/2020,Premium
198,Brian,Villarreal,brian.villarreal22@yahoo.com,(03)41913800,1966-04-17,M,South Brandonstad,NT,australia,2020-01-19,Premium
199,Patrick,Hernandez,patrick.hernandez65@gmail.com,0463-536-541,1978-05-09,F,Davidton,NSW,australia,11/03/2022,premium
200,Harry,Brock,harry.brock69@gmail.com,+61 2 7445 1870,1995-01-08,F,Jamesshire,VIC,AU,07/25/2021,Premium
201,Kristen,Stevenson,kristen.stevenson97@yahoo.com,+61.7.9738.3206,1992-04-01,Female,South Ambertown,SA,Australia,06/22/2021,standard
202,Stephanie,Smith,stephanie.smith57@yahoo.com.au,(02)-3836-7024,04/07/1965,male,North Samanthahaven,QLD,,08/05/2023,premium
203,Robert,Huang,robert.huang8@yahoo.com.au,9182.6199,11/16/1983,m,Port Elaineberg,VIC,australia,2020-07-29,standard
204,Joel,Green,joel.green36@hotmail.com,+61 7 5743 1329,09/09/1965,male,West Danielmouth,NT,australia,12/07/2022,Standard
205,Steven,Russell,steven.russell49@hotmail.com.au,(03)74741124,06/03/1988,f,South Marymouth,NT,Aus,2023-06-16,standard
206,Eddie,Dawson,eddie.dawson94@hotmail.com,+61 2 4420 6788,1988-06-23,male,East Steven,WA,Aus,09/22/2022,vip
207,Linda,Taylor,linda.taylor71@gmail.com,3236-5199,,female,Samanthaland,NSW,Australia,12/10/2023,Standard
208,Andrew,Brown,eric.hopkins35@hotmail.com.au,02 5107 0296,01/27/1969,m,Crawfordfurt,VIC,AU,11/11/2022,premium
209,Felicia,Thompson,felicia.thompson7@yahoo.com,07-4720-9993,1973-09-14,M,Victorside,WA,Aus,26/01/2023,Premium
210,Timothy,Miller,timothy.miller88@yahoo.com.au,08 3838 0657,1960-05-12,female,Coopershire,VIC,australia,2022-11-25,standard
211,Wayne,Price,wayne.price41@yahoo.com,5930 4078,03/06/1973,Male,Katiebury,VIC,,08/10/2019,Standard
212,Terri,Garcia,terri.garcia45@yahoo.com,(02) 3965 2239,1988-03-04,F,Lindastad,VIC,australia,2023-03-13,vip
213,Robin,Johnson,robin.johnson55@hotmail.com,0492.937.842,04/09/1966,M,Johnsonton,SA,australia,22/05/2020,Standard
214,Jesse,Robinson,jesse.robinson38@hotmail.com.au,+61259325250,1995-02-27,female,West Brendaberg,VIC,,2024-01-13,vip
215,Kim,Mathis,kim.mathis41@hotmail.com,5691.5452,12/08/1998,F,Port Latoya,NSW,,09/15/2023,premium
216,Susan,Banks,susan.banks6@yahoo.com,0495-392-644,2002-07-22,male,West Jessica,VIC,,05/06/2023,vip
217,Stacy,Fry,stacy.fry11@yahoo.com.au,0402.959.391,12/08/1982,F,Taylorland,SA,Aus,01/03/2024,standard
218,John,Haas,john.haas32@yahoo.com,+61-415-704-331,06/28/1979,Male,Jonathanville,VIC,Australia,2019-08-26,premium
219,Jennifer,Williams,jennifer.williams64@yahoo.com.au,+61-3-6765-8617,17/06/1983,m,West Shannon,VIC,Australia,2021-11-25,vip
220,Lauren,Johnson,lauren.johnson68@gmail.com,(07).1152.6218,12/14/1991,Male,Lake Brookefort,TAS,australia,2022-03-26,Premium
221,Janet,Reynolds,janet.reynolds87@yahoo.com,,1970-03-31,female,Donnaport,TAS,Aus,26/02/2023,standard
222,John,Williams,john.williams71@hotmail.com.au,0472-050-614,11/01/1992,f,Gonzaleztown,SA,Australia,2023-02-25,Premium
223,Jamie,Little,jamie.little87@gmail.com,+61246774186,1968-01-17,female,Lake Nicole,SA,AU,2020-04-02,standard
224,Mike,Griffin,mike.griffin48@hotmail.com,+61.8.4349.0211,1985-04-16,female,Lindseychester,WA,,26/05/2023,premium
225,Tara,Lawrence,tara.lawrence1@hotmail.com.au,6868-7937,1961-01-26,M,Christianton,ACT,AU,22/04/2020,Standard
226,Wayne,Lester,wayne.lester63@hotmail.com.au,+61.492.172.233,17/08/2003,male,North Rodney,TAS,Aus,2019-10-19,Premium
227,Vanessa,Graham,vanessa.graham13@yahoo.com,+61 445 116 868,1988-08-01,Male,Melissahaven,WA,AU,08/07/2023,Standard
228,Stephen,Marks,stephen.marks90@hotmail.com.au,0486.162.299,20/08/1974,F,East Annaville,QLD,Australia,2020-10-13,vip
229,Kristi,Dillon,kristi.dillon53@hotmail.com,+61-7-6799-7024,1976-01-27,F,Thomasfurt,VIC,australia,05/29/2024,Premium
230,Benjamin,Preston,benjamin.preston6@hotmail.com,0274505444,06/04/1998,M,Garrisonville,SA,AU,02/11/2020,standard
231,Teresa,Perez,teresa.perez52@hotmail.com,+61.7.4691.3736,1984-12-08,Male,Malonestad,VIC,Australia,13/03/2023,premium
232,Lori,Robertson,lori.robertson26@yahoo.com,4862.8902,09/11/1976,F,South Mary,NSW,Australia,2022-11-06,premium
233,John,Bryant,john.bryant12@hotmail.com,,1997-03-15,male,Wheelerburgh,ACT,,2023-07-15,premium
234,Susan,Wells,susan.wells46@hotmail.com.au,(07)24140602,1968-05-24,Female,South Deborah,SA,Aus,2020-07-17,standard
235,Erica,Adams,erica.adams12@yahoo.com.au,0400 722 903,26/02/1966,M,Charleneport,ACT,AU,2021-05-08,vip
236,Jennifer,Fletcher,jennifer.fletcher73@hotmail.com,+61-8-5743-7489,,m,Silvatown,NSW,Aus,07/07/2020,premium
237,William,Bates,william.bates13@hotmail.com,0499-441-715,1970-10-26,Female,Danielleview,ACT,AU,29/06/2020,premium
238,Jose,Dawson,jose.dawson31@hotmail.com,03.8309.6520,1996-02-29,f,Brightview,QLD,,2023-02-20,Premium
239,Rebecca,Sullivan,rebecca.sullivan40@gmail.com,0493.538.758,1961-09-13,M,Meganside,TAS,,04/07/2019,vip
240,Howard,Davis,howard.davis92@yahoo.com,,29/12/1995,Male,Jorgeport,VIC,,2023-09-26,vip
241,Steven,Wilson,steven.wilson91@gmail.com,+61-499-917-381,29/09/1977,male,Morenochester,NT,AU,04/15/2022,premium
242,Brian,Dickerson,brian.dickerson86@yahoo.com,07.6972.5217,12/11/1967,M,Crystalburgh,ACT,,02/13/2021,Premium
243,Lawrence,Brown,lawrence.brown29@yahoo.com.au,(03) 2927 1296,1964-09-01,f,Powellfort,QLD,Australia,04/02/2024,Standard
244,Patrick,Johnson,patrick.johnson2@yahoo.com,(02)58300335,1971-03-12,M,Davidfurt,ACT,Aus,20/11/2022,Standard
245,Wesley,Torres,wesley.torres64@gmail.com,4478-9856,03/10/1975,F,Lake Wendy,NSW,,01/23/2022,standard
246,Tracy,Christensen,tracy.christensen10@yahoo.com,,1999-10-30,female,Lake Jenniferton,NSW,Aus,07/02/2021,Premium
247,Nicholas,Bowman,nicholas.bowman56@hotmail.com.au,+61 409 010 016,07/17/1964,m,Jamesside,WA,,2020-11-09,premium
248,Johnny,Miles,johnny.miles7@yahoo.com,+61.404.618.499,1979-03-07,M,Port Maria,WA,australia,2019-06-29,Standard
249,Daniel,Higgins,daniel.higgins15@gmail.com,(02)-1739-3483,1977-10-30,male,Jadeport,QLD,AU,08/22/2021,premium
250,Ethan,Kelley,ethan.kelley58@yahoo.com,+61730011972,1979-09-22,F,East Jenniferville,VIC,AU,2021-08-10,Premium
251,Rebecca,Newman,rebecca.newman30@yahoo.com.au,(07)-7012-0455,1997-09-18,Female,Rodgersville,NT,AU,2021-03-03,Premium
252,Melissa,Zamora,melissa.zamora74@gmail.com,03 5579 4155,1995-11-27,female,East Richard,QLD,australia,16/03/2022,premium
253,Suzanne,Nelson,suzanne.nelson6@yahoo.com.au,+61821202169,23/08/1990,m,Phammouth,TAS,Australia,2021-06-10,Premium
254,Howard,James,howard.james42@hotmail.com,,1983-04-24,Male,New Dianatown,QLD,,2021-07-27,standard
255,Janet,Gregory,janet.gregory73@hotmail.com.au,0435.889.163,1995-03-31,female,Reedfurt,NT,Australia,2020-08-08,premium
256,Edgar,Serrano,edgar.serrano80@hotmail.com.au,0287-7217,02/11/1991,M,Johnview,NT,AU,2021-04-02,vip
257,Brent,Walker,brent.walker39@yahoo.com.au,+61 3 1779 7177,22/10/1997,female,Davidfort,TAS,AU,2021-10-03,premium
258,Julie,Smith,julie.smith57@yahoo.com.au,+61-2-8801-9948,12/16/1996,Male,St. Stephanie,VIC,AU,2021-04-13,premium
259,Michael,Brown,michael.brown68@yahoo.com,+61.7.8997.5711,1961-04-19,female,North Matthew,NSW,AU,12/22/2019,vip
260,Maria,Brandt,maria.brandt60@hotmail.com,,07/02/1988,female,New Cherylborough,QLD,Aus,03/05/2024,vip
261,David,Phelps,david.phelps21@yahoo.com,+61.3.5160.9177,1971-08-08,Male,St. Adam,WA,australia,14/03/2023,vip
262,Jill,Tran,jill.tran84@yahoo.com.au,0478.292.216,1960-11-24,Male,Williamfurt,QLD,,06/11/2023,vip
263,Robert,Lynch,robert.lynch78@yahoo.com,(08) 5472 2698,1973-09-13,f,Meganside,NT,AU,12/30/2022,Premium
264,Michelle,Joseph,michelle.joseph80@hotmail.com.au,+61-433-394-522,08/03/1964,m,Jenniferstad,SA,Australia,01/16/2019,vip
265,Anna,Aguilar,anna.aguilar82@yahoo.com.au,+61.484.608.106,06/02/1972,Female,North Ellen,NSW,,06/18/2020,premium
266,James,Christensen,jose.dawson31@hotmail.com,(07)-2043-8057,1973-04-05,Female,South Juliaside,TAS,australia,2020-06-15,vip
267,Paul,Dixon,paul.dixon65@hotmail.com,+61.406.665.800,08/17/1967,Male,Jamesmouth,SA,,18/09/2023,vip
268,Maria,Pruitt,maria.pruitt84@hotmail.com,0489.334.721,12/08/1975,m,West Jill,NT,Australia,2020-04-02,Standard
269,David,Williams,david.williams25@hotmail.com,0442-294-057,1998-11-30,Male,North Eric,QLD,australia,2022-10-26,premium
270,Marcus,Williams,marcus.williams41@hotmail.com.au,+61.447.985.158,02/02/1968,M,West Abigail,NSW,Aus,15/05/2023,Premium
271,Kristie,Moore,kristie.moore98@hotmail.com.au,0461-533-555,1995-03-22,male,Jefferyhaven,ACT,Aus,2023-04-13,Premium
272,Thomas,Hoffman,thomas.hoffman26@gmail.com,57399305,,M,Moonville,WA,australia,01/29/2019,vip
273,Paul,Fernandez,paul.fernandez17@hotmail.com,,1982-07-30,m,Lake Willie,NT,,04/20/2022,Standard
274,Stacy,Jackson,stacy.jackson88@hotmail.com.au,0401-336-138,17/05/1975,male,Lucasland,NSW,australia,21/01/2024,premium
275,Julie,Hernandez,kelsey.chapman91@hotmail.com.au,(02).1102.4819,1967-07-31,m,New Rickey,NSW,,2019-09-10,standard
276,Shannon,Sullivan,shannon.sullivan7@hotmail.com,6180 9190,1978-09-11,Female,Lake Sarahville,NSW,AU,2021-06-28,Premium
277,Keith,Jennings,keith.jennings35@hotmail.com.au,4766.0728,1991-06-07,F,West Julie,NT,australia,10/08/2019,Premium
278,Laura,Atkinson,laura.atkinson26@hotmail.com,+61-424-508-821,19/05/1978,female,North Ashleyfurt,TAS,,2020-08-27,standard
279,Amanda,Arroyo,amanda.arroyo74@hotmail.com,07.3682.2239,1966-09-09,Female,Jamesburgh,NT,AU,2024-04-28,standard
280,Emily,Bradley,emily.bradley23@gmail.com,0478-141-413,1998-03-25,F,Lynnstad,NSW,Australia,18/08/2020,vip
281,David,Rios,david.rios46@gmail.com,(02)-3577-5949,11/04/2002,Male,Lake Lindsey,VIC,Aus,2022-06-27,vip
282,Susan,Jackson,susan.jackson50@hotmail.com,0364525777,14/06/1981,M,Kimfort,QLD,Australia,2023-06-27,Premium
283,Andrea,Thompson,andrea.thompson87@hotmail.com.au,4283.4110,03/06/1987,female,Port Kaylaborough,VIC,Aus,2021-02-16,vip
284,Rebecca,Arnold,rebecca.arnold84@hotmail.com.au,0472-563-942,09/08/1991,f,Masonland,VIC,Aus,14/11/2023,Standard
285,Randy,Shaw,randy.shaw45@yahoo.com,+61 428 272 299,,Male,St. Sheila,NT,Aus,2021-02-27,Standard
286,Billy,Juarez,billy.juarez42@yahoo.com,4530.3856,2003-07-08,Female,Hardinton,VIC,Aus,2020-07-23,standard
287,Bill,Wong,bill.wong64@gmail.com,,1965-04-28,M,Brianaland,VIC,,10/15/2021,Premium
288,Zachary,Bennett,zachary.bennett72@yahoo.com,0465 577 908,1990-02-13,female,St. Gabriel,TAS,,2021-07-23,vip
289,Chris,Schneider,chris.schneider92@yahoo.com,,05/15/1964,m,Leonardfort,TAS,,05/04/2023,Standard
290,Jason,Martin,jason.martin18@yahoo.com.au,3029 9228,22/04/1993,male,West Brianview,WA,Aus,17/01/2023,vip
291,Sandra,Black,sandra.black14@yahoo.com.au,+61 490 413 797,1962-01-31,female,Jacksonchester,NT,,12/03/2024,Standard
292,Carolyn,Norton,carolyn.norton1@yahoo.com,+61 484 257 991,1962-03-06,Male,Port Paul,QLD,australia,02/07/2022,Premium
293,Daniel,Harris,daniel.harris50@hotmail.com.au,+61.462.912.799,1987-04-26,m,East Christopherberg,NT,australia,02/19/2024,Premium
294,Rachel,Ryan,rachel.ryan41@gmail.com,+61.468.650.863,12/18/2001,Male,Clarkefurt,QLD,,02/07/2022,standard
295,Michael,Ballard,michael.ballard98@hotmail.com.au,62473149,1981-07-19,m,Scotttown,ACT,Australia,2022-04-08,Standard
296,Jenna,Clarke,jenna.clarke19@hotmail.com.au,0418 063 565,07/16/1962,Male,West Ronaldshire,NSW,AU,2020-02-14,vip
297,Jon,Wyatt,jon.wyatt58@yahoo.com.au,0459.463.688,1998-12-08,m,Whiteside,NSW,Aus,10/15/2022,Premium
298,Angela,King,gabriel.tucker55@yahoo.com,0456.213.721,1969-02-09,f,Port Kristi,WA,australia,24/06/2022,standard
299,Lauren,Mendez,lauren.mendez24@gmail.com,,12/21/1992,Male,Jeffreyland,QLD,,2021-11-18,vip
300,Chelsea,Ramsey,chelsea.ramsey60@yahoo.com.au,+61 484 902 770,1966-12-11,m,New James,NT,,2019-03-23,vip
301,Kristen,Dixon,kristen.dixon68@yahoo.com,+61 420 530 214,1968-03-31,male,Gomezfurt,VIC,AU,02/12/2021,vip
302,Richard,Gonzalez,richard.gonzalez43@gmail.com,1848.9554,1969-10-19,f,South Shawn,NT,australia,30/04/2024,standard
303,Richard,Smith,richard.smith88@yahoo.com,+61-2-8184-5184,02/08/1977,m,Heatherfurt,NSW,,02/19/2024,Premium
304,Anna,Carrillo,anna.carrillo66@hotmail.com,+61.8.9071.4163,1961-12-19,Male,Lake Robert,NSW,Australia,30/08/2020,Standard
305,Michael,Nichols,michael.nichols14@hotmail.com,0716518275,1997-03-05,F,Jefferyshire,QLD,Australia,12/10/2022,standard
306,Joseph,Valentine,joseph.valentine12@yahoo.com,,26/12/1967,male,Ericville,ACT,Aus,2023-06-15,vip
307,David,Miller,,+61 408 075 957,1965-04-22,M,Travishaven,VIC,AU,2021-12-31,vip
308,Juan,Walker,juan.walker88@hotmail.com.au,02 8678 0856,1963-11-18,M,St. Tiffany,NT,australia,30/07/2020,Standard
309,Helen,Stevens,helen.stevens70@gmail.com,3691 5594,06/10/1988,M,New Joel,QLD,,2019-10-23,Premium
310,Thomas,Austin,thomas.austin71@hotmail.com,08-6365-5647,09/01/1973,Male,West Tiffany,QLD,australia,03/06/2020,premium
311,Gina,Olsen,gina.olsen15@hotmail.com,0863227026,1995-11-14,F,Taylorhaven,SA,Australia,07/03/2022,Premium
312,Amanda,Stewart,amanda.stewart63@yahoo.com.au,(07)-8906-1203,01/08/1976,Female,Thomasville,TAS,Aus,09/20/2019,Premium
313,Shannon,Cook,shannon.cook20@hotmail.com,(07)50615939,1976-05-07,Female,New Michael,ACT,AU,13/07/2023,vip
314,Emily,Freeman,emily.freeman62@yahoo.com.au,6947.2256,03/02/1976,F,Sweeneyland,SA,australia,06/05/2023,vip
315,Christian,Cooper,christian.cooper94@hotmail.com,,1963-06-06,male,Gutierrezburgh,WA,Australia,2023-01-29,premium
316,Melissa,Martinez,melissa.martinez47@yahoo.com,+61.441.326.111,27/12/1999,F,Kelleytown,ACT,AU,01/05/2023,Premium
317,Kelli,Warren,kelli.warren88@gmail.com,49216433,23/01/1983,female,Scottberg,TAS,Australia,2019-10-15,premium
318,David,Roberson,david.roberson9@gmail.com,5577-8487,07/01/1970,female,West Brittany,NSW,Australia,03/29/2019,standard
319,Stephen,Curry,stephen.curry91@hotmail.com.au,+61-7-5783-1745,02/06/1988,male,Greenport,TAS,,2023-08-27,Premium
320,Alex,Mills,alex.mills33@yahoo.com,(07)78077406,09/11/2000,female,Carlatown,NSW,,2020-04-01,premium
321,Amy,Lopez,amy.lopez30@hotmail.com.au,+61-8-3266-3416,11/11/1988,F,New Justin,WA,Aus,2020-07-29,Standard
322,Julia,Lamb,julia.lamb87@yahoo.com.au,02.2241.7974,1969-06-14,Male,Lopeztown,QLD,australia,2022-04-24,Premium
323,Edwin,Booker,edwin.booker19@gmail.com,02-4427-0312,1971-08-02,m,St. Jeffchester,VIC,australia,2024-03-04,Standard
324,Larry,Lloyd,larry.lloyd22@hotmail.com,+61.2.5120.4618,05/06/1978,m,Whiteview,QLD,AU,2022-05-15,premium
325,Lisa,Clayton,lisa.clayton49@gmail.com,0873037183,1964-11-13,F,Priceport,QLD,Aus,2019-02-03,Premium
326,Sharon,Moore,sharon.moore65@gmail.com,0481-474-350,1964-03-06,male,East Joel,ACT,AU,2021-09-14,premium
327,Ryan,Smith,ryan.smith62@hotmail.com,0416.300.979,1977-02-06,m,Lake Kelli,NT,australia,2020-12-18,vip
328,John,Porter,john.porter77@hotmail.com.au,(02).0528.1273,1978-05-01,F,Tinastad,NSW,Aus,06/11/2020,Standard
329,Linda,Gonzales,linda.gonzales47@yahoo.com,6524 0778,1979-02-10,m,Amyfort,ACT,australia,2022-08-27,premium
330,James,Lopez,james.lopez48@hotmail.com,(08).4982.1827,1981-09-12,F,Loriside,WA,Aus,03/06/2020,standard
331,Michael,Smith,michael.smith28@hotmail.com.au,+61 3 0959 3518,1995-04-06,M,Leefort,VIC,australia,2020-11-24,standard
332,Katie,Moore,katie.moore9@hotmail.com,(08).5118.1022,1976-08-19,m,South Danielborough,NSW,australia,2019-06-13,standard
333,Corey,Duncan,corey.duncan26@yahoo.com.au,+61.478.994.053,01/10/2001,M,North Sarahborough,TAS,australia,05/07/2023,standard
334,Diana,Hebert,diana.hebert36@gmail.com,+61.2.5865.0948,1975-11-03,F,East Maryland,VIC,,10/03/2022,vip
335,Shirley,Yu,shirley.yu36@gmail.com,38633839,2003-03-14,male,Port Julie,VIC,,02/03/2020,vip
336,Katie,Ray,katie.ray15@yahoo.com.au,+61.461.228.685,11/30/2002,male,St. Sarah,NT,australia,2020-06-11,Standard
337,Rachel,Pierce,rachel.pierce76@hotmail.com,(08)65939836,14/08/1981,Female,Michaelmouth,TAS,Aus,2019-08-27,vip
338,Seth,Sanders,seth.sanders32@gmail.com,(02)-8240-4335,23/11/1977,f,New Samanthahaven,WA,,11/10/2022,Standard
339,Angela,Howe,angela.howe95@yahoo.com,07522459,27/12/1992,f,South Jonathan,QLD,Australia,2020-05-10,Standard
340,Kevin,Duncan,terri.garcia45@yahoo.com,02.5727.9194,12/21/2002,m,Port Christianton,NT,australia,03/28/2019,Standard
341,Sandra,Cook,sandra.cook29@yahoo.com.au,+61-2-3906-0480,1965-10-02,male,Amberberg,QLD,Aus,2019-04-21,vip
342,Mark,Wolfe,jeremy.morgan5@yahoo.com.au,6799-8136,01/07/1977,m,Kristieberg,WA,AU,04/04/2022,vip
343,David,Miller,david.miller24@hotmail.com.au,8641-6862,1969-06-11,Male,St. Anita,QLD,,2021-05-08,vip
344,Tony,Pearson,tony.pearson31@yahoo.com,0498-331-465,30/05/1998,M,East Emilychester,QLD,Aus,02/19/2021,Standard
345,Michael,Lee,michael.lee39@hotmail.com,+61 404 259 792,05/07/1998,m,Williamsbury,NT,Australia,03/08/2022,vip
346,James,Brooks,james.brooks47@gmail.com,03924051,1985-01-02,Female,Shannontown,QLD,AU,2024-03-23,Standard
347,Martin,Singh,martin.singh11@yahoo.com,07.8792.0698,07/11/1972,f,New Georgeport,ACT,,2021-08-07,standard
348,James,Horton,james.horton21@hotmail.com,7016-4510,1974-01-23,female,Michellefurt,TAS,,2020-10-10,Standard
349,Jerry,James,jerry.james22@gmail.com,(08).9812.3878,1961-01-13,male,North Johnhaven,VIC,Australia,2019-09-14,Premium
350,Kevin,Burns,michael.ballard98@hotmail.com.au,5554 3840,03/07/1983,male,Natashatown,SA,australia,04/16/2023,Standard
351,Sherry,Avery,sherry.avery81@yahoo.com,,08/18/1983,f,West Ronald,NT,Aus,09/14/2023,Premium
352,Larry,Jacobs,larry.jacobs57@yahoo.com.au,0423-298-324,2002-07-18,male,Port Wendy,SA,AU,29/11/2022,standard
353,Theresa,Thomas,theresa.thomas57@hotmail.com.au,,28/06/1978,female,Nicolechester,NSW,Aus,2020-06-16,vip
354,Susan,Turner,susan.turner2@hotmail.com,03 1220 9949,10/17/1995,male,South Jerry,ACT,australia,2020-08-22,Standard
355,Anthony,Miller,anthony.miller29@yahoo.com.au,08 5267 7223,12/09/1978,m,North Ricky,ACT,australia,04/07/2022,premium
356,Tanya,Schaefer,tanya.schaefer38@yahoo.com.au,0331279757,1980-06-04,M,Port Richard,QLD,Australia,2022-06-19,premium
357,Bobby,Moss,bobby.moss14@yahoo.com.au,,1965-08-10,female,Bryantton,WA,AU,2023-01-04,vip
358,Natalie,Sanchez,natalie.sanchez60@hotmail.com.au,+61 2 8680 3476,03/06/1961,male,Kimport,VIC,,07/11/2020,vip
359,Steven,Henderson,steven.henderson49@hotmail.com.au,8277-1812,1965-06-21,M,Port Robert,WA,Aus,2023-04-23,Premium
360,Shannon,White,shannon.white86@hotmail.com.au,08.1452.1117,03/17/1981,M,Christopherfurt,VIC,AU,03/07/2021,premium
361,Jessica,Hester,jessica.hester47@hotmail.com.au,08-8602-5922,1998-09-28,Male,West Kayla,SA,,27/09/2022,standard
362,Brett,Parker,brett.parker6@yahoo.com.au,(03)-1230-9407,1990-12-26,female,Foleyside,VIC,,2021-08-31,standard
363,Lindsey,Franklin,lindsey.franklin46@yahoo.com.au,0397767199,17/06/1991,f,South Nicoleview,NT,,2022-01-03,vip
364,Christine,Grant,christine.grant93@yahoo.com,2205-0209,04/23/2000,female,Markland,WA,,03/22/2019,vip
365,Brandon,Butler,brandon.butler94@yahoo.com,07-9998-2795,02/12/1998,Male,East Kaylamouth,NT,AU,08/30/2023,Standard
366,Miguel,Gray,miguel.gray1@gmail.com,+61-2-4721-4586,09/11/1982,Female,South Cheryl,TAS,Australia,2021-02-15,premium
367,Daniel,Blair,daniel.blair68@hotmail.com.au,7946.9548,1994-05-07,F,Sarashire,VIC,,2022-02-03,premium
368,Tyler,Daniel,tyler.daniel23@yahoo.com.au,+61393430107,1969-01-23,m,South Laurenchester,NSW,AU,2019-08-08,standard
369,Robert,Cook,robert.cook27@hotmail.com.au,+61-430-344-144,2001-08-23,male,Katieville,TAS,Australia,12/28/2023,Premium
370,Gina,Peterson,gina.peterson6@hotmail.com.au,+61 402 355 770,1997-06-06,Female,St. Eric,ACT,australia,14/09/2020,Premium
371,Steven,Grimes,steven.grimes81@hotmail.com,+61.8.0849.5880,01/18/1985,male,Lake Lauren,VIC,australia,2023-03-15,Premium
372,Pamela,Gomez,pamela.gomez44@yahoo.com,(02) 5682 9962,12/13/1983,f,New Janetmouth,TAS,Aus,2022-05-13,vip
373,Jennifer,Nelson,jennifer.nelson78@gmail.com,+61357438421,06/22/1984,female,Kristenborough,NT,,2020-03-14,vip
374,Robin,Wallace,,+61335784521,09/12/1999,M,South Jenny,SA,,10/09/2020,standard
375,Stephen,Reeves,stephen.reeves5@hotmail.com.au,04091570,01/01/1967,m,New Andrewport,VIC,,11/10/2019,standard
376,Danielle,Clark,danielle.clark93@yahoo.com,07.4857.1422,1981-08-23,m,Dannyside,NSW,,2019-12-21,vip
377,Willie,Clark,willie.clark45@hotmail.com,0454-249-321,25/06/1979,M,Christinamouth,ACT,Australia,2021-05-03,vip
378,Amber,Williams,amber.williams70@gmail.com,+61216016629,1974-08-29,F,Jensenport,WA,Aus,2021-10-25,premium
379,Martin,Gonzalez,martin.gonzalez17@hotmail.com.au,7921.7174,05/06/1981,male,Ruizbury,QLD,australia,16/03/2022,Standard
380,Douglas,Huang,douglas.huang51@hotmail.com,(08)25577017,17/10/1968,m,Lake Timothyburgh,ACT,AU,2022-02-23,standard
381,Justin,Bailey,justin.bailey86@hotmail.com.au,02 6158 1487,1976-05-20,Male,Garzabury,TAS,,2020-12-14,Premium
382,Christine,Kelley,christine.kelley19@yahoo.com.au,+61 2 5396 6958,16/06/2001,F,West Elaine,VIC,Australia,03/08/2023,vip
383,Christian,Galvan,christian.galvan2@hotmail.com.au,+61299758172,01/29/1996,Female,Stephanieland,WA,,08/16/2019,Premium
384,Carmen,Jennings,carmen.jennings62@hotmail.com.au,,1966-05-04,M,St. Amanda,SA,australia,11/24/2022,standard
385,Peter,Lane,peter.lane60@yahoo.com,07.4946.5190,05/16/1960,M,Abbottport,SA,Aus,2019-05-17,Premium
386,Bryan,Santana,bryan.santana91@gmail.com,8514 0369,24/02/1974,female,Garrettfurt,NSW,Australia,09/19/2021,vip
387,Richard,Graham,richard.graham63@yahoo.com,+61.427.238.656,01/16/1967,m,New Whitney,NSW,AU,2019-02-07,Premium
388,Elizabeth,Taylor,elizabeth.taylor36@gmail.com,+61-402-762-126,1975-05-01,Female,Englishchester,ACT,australia,2024-01-12,vip
389,Cindy,Gibson,cindy.gibson78@yahoo.com.au,0476-532-690,27/04/1984,m,Bradfordbury,QLD,Aus,27/09/2019,Premium
390,Jennifer,Adams,jennifer.adams21@hotmail.com.au,0450.097.519,12/31/1984,Male,Nixonland,NSW,AU,2021-12-27,Standard
391,Douglas,Simon,douglas.simon39@hotmail.com,+61.2.8913.7189,11/19/2001,Female,Chloemouth,VIC,australia,08/10/2023,Premium
392,Amanda,Smith,amanda.smith73@yahoo.com.au,,1986-10-01,female,New Jessicashire,QLD,,2020-04-20,vip
393,Jorge,Soto,jorge.soto24@hotmail.com.au,02-4904-7128,1982-01-16,M,New Johnathanview,SA,Aus,28/08/2021,premium
394,Joshua,Scott,joshua.scott9@gmail.com,+61 429 275 243,10/28/2002,Female,Whitehaven,ACT,Aus,2021-06-18,vip
395,Michelle,Cooper,michelle.cooper51@gmail.com,03 7663 7239,1993-04-21,female,Brianview,NT,Australia,17/03/2022,Premium
396,Karla,Wilson,karla.wilson69@yahoo.com,+61.8.7478.3667,1992-12-23,female,Dustinchester,ACT,AU,03/22/2019,Standard
397,Alexander,Ho,alexander.ho22@yahoo.com.au,+61 7 8018 5694,03/07/1987,female,Josephville,VIC,,26/02/2024,Standard
398,Jonathan,Silva,jonathan.silva53@yahoo.com.au,+61.439.385.258,12/02/1961,F,North Marietown,SA,AU,02/01/2020,standard
399,Robert,Fox,robert.fox12@yahoo.com.au,(03)44300910,1980-02-27,Male,East Jean,ACT,,22/07/2022,vip
400,David,Gates,david.gates73@yahoo.com,+61 3 1244 7174,1998-09-12,m,Schwartzmouth,NT,AU,2019-11-04,premium
401,Jonathan,Norman,david.miller24@hotmail.com.au,6650-4427,1960-07-19,female,St. Tiffanyborough,WA,australia,2021-07-28,Standard
402,Chelsey,White,,28639174,12/20/1986,Female,North Charlesshire,NSW,australia,05/14/2022,standard
403,Jessica,Waters,jessica.waters19@gmail.com,+61300642569,,male,St. Timothyfurt,QLD,australia,29/03/2022,Standard
404,Megan,Norman,megan.norman96@gmail.com,0430-671-985,10/13/2001,F,Evelynfurt,ACT,,2019-03-15,premium
405,Brian,Shea,brian.shea16@gmail.com,(07)17432806,23/04/1972,F,New Heather,VIC,Aus,11/05/2020,Standard
406,Peggy,Mccoy,peggy.mccoy78@hotmail.com,+61273203093,25/08/1971,female,Priceside,NT,Aus,12/12/2021,vip
407,Dawn,Porter,ryan.smith62@hotmail.com,0505 0613,07/11/1980,male,Bentleyside,ACT,Australia,04/07/2022,standard
408,Edward,Riley,edward.riley82@gmail.com,2707-9032,08/19/1972,F,West Cynthiaport,TAS,AU,2020-06-05,premium
409,Lori,Davis,lori.davis25@hotmail.com.au,02-1179-9313,1975-02-27,female,Rogersfurt,QLD,Aus,03/03/2024,Standard
410,Mark,Daugherty,mark.daugherty53@hotmail.com.au,0425-309-251,07/06/1962,M,New Donaldchester,WA,,09/07/2023,standard
411,Gary,Wood,gary.wood20@yahoo.com,+61.3.9021.9620,25/05/1961,male,Millertown,QLD,,11/25/2020,vip
412,Harry,Davis,jennifer.frank62@hotmail.com.au,(08)-7232-4876,11/23/1963,m,West Cheryl,QLD,Australia,2021-10-14,premium
413,Benjamin,White,benjamin.white12@yahoo.com.au,+61 414 560 833,12/02/1961,female,East Christineside,SA,AU,2023-06-25,Premium
414,William,Marshall,william.marshall87@yahoo.com,(02) 3127 7220,,M,Lake Justinchester,VIC,AU,2023-01-23,standard
415,John,Jensen,john.jensen67@yahoo.com.au,1082-2078,11/06/1993,Female,East Pattymouth,SA,AU,2020-10-01,standard
416,Brittany,Nguyen,brittany.nguyen35@yahoo.com,+61.453.153.136,1972-04-10,f,Port Patricia,TAS,AU,08/23/2019,Premium
417,Charles,Richards,charles.richards32@gmail.com,+61-3-3972-6527,1973-12-19,female,Lake Theresa,NSW,Australia,2022-06-09,Standard
418,James,Martinez,james.martinez51@hotmail.com.au,4217-7625,1986-09-27,m,New Cassandra,TAS,australia,2023-12-31,Standard
419,Kristine,Little,kristine.little73@hotmail.com.au,03-1687-3977,1996-06-17,female,Alexischester,NT,australia,02/07/2023,Premium
420,Jill,Wright,jill.wright34@hotmail.com,+61-3-9290-6007,08/02/1977,M,Port Amandafort,VIC,Aus,2020-01-11,Standard
421,Lisa,Horton,lisa.horton22@gmail.com,+61.8.3180.6325,1975-08-21,F,Johnland,TAS,,05/22/2022,Premium
422,Allen,Caldwell,allen.caldwell60@yahoo.com,+61.2.7726.2570,1978-07-18,f,Port Patriciamouth,WA,,2020-05-03,Premium
423,Alyssa,Phillips,alyssa.phillips44@hotmail.com,,1970-08-05,female,Pamelaville,TAS,,2019-12-21,premium
424,Patrick,Marshall,patrick.marshall40@gmail.com,(07)28183253,1963-02-14,M,St. Joshire,VIC,australia,2022-05-10,premium
425,Monica,Warner,monica.warner85@yahoo.com,(07).4864.0155,31/10/1983,f,Tuckerhaven,SA,,08/19/2020,Standard
426,Maria,Harrison,maria.harrison92@hotmail.com.au,+61.484.795.137,1975-06-11,m,East Peterburgh,NSW,AU,2019-07-02,standard
427,Keith,Frye,keith.frye91@gmail.com,07-1272-3804,2003-11-25,male,Montesside,TAS,Aus,2021-01-05,Premium
428,Sarah,Wells,sarah.wells28@yahoo.com.au,+61.2.4310.3856,04/20/1981,Male,Dianamouth,SA,australia,2019-10-12,standard
429,Todd,Wade,todd.wade19@hotmail.com.au,0477-492-424,1981-10-31,male,St. Nathan,NT,,09/09/2022,Standard
430,Keith,Bruce,keith.bruce66@yahoo.com,(07)72928422,1996-10-14,female,West John,WA,,07/10/2021,standard
431,Blake,Stewart,blake.stewart5@yahoo.com,+61.7.5238.0552,1991-08-14,m,Shaneburgh,NT,,2021-01-24,premium
432,Amanda,Martinez,amanda.martinez61@gmail.com,+61 8 2752 0885,10/09/1989,f,Thomasport,NSW,Aus,2024-05-20,Premium
433,Tara,Webster,tara.webster94@hotmail.com.au,+61.429.751.702,,m,New Angelbury,SA,Australia,21/05/2024,Premium
434,Sean,Davis,sean.davis7@gmail.com,,1973-02-01,F,Rhodesland,SA,AU,07/15/2023,vip
435,Theresa,Foster,nathan.hines33@hotmail.com.au,(02).5626.5650,1987-02-01,Male,Michaelport,SA,australia,2019-12-24,vip
436,Tiffany,Sawyer,tiffany.sawyer11@gmail.com,08.6742.6629,1986-09-18,Female,West Jaredfort,NT,australia,03/27/2024,standard
437,Vanessa,Fox,vanessa.fox83@hotmail.com,9610.6462,1996-10-05,Female,Pageberg,ACT,Aus,26/08/2019,Premium
438,James,Collier,kenneth.price55@yahoo.com.au,0470-494-787,1980-02-18,f,North Kylie,ACT,,02/21/2021,vip
439,Eric,Evans,eric.evans35@yahoo.com.au,46273014,29/05/1964,Female,Gambleland,TAS,australia,2020-06-06,standard
440,Carol,Cox,alexander.ho22@yahoo.com.au,0464.715.890,07/24/1983,M,Franciscoton,NSW,,01/08/2019,Premium
441,Dustin,Murray,dustin.murray82@yahoo.com,(03)04565044,2002-12-18,Male,South Katieburgh,VIC,australia,2019-09-03,standard
442,Kathy,George,kathy.george82@yahoo.com,0455-445-189,05/25/1972,F,Madelinetown,SA,Australia,04/25/2023,standard
443,Derrick,Campbell,derrick.campbell34@yahoo.com.au,+61-7-2132-8338,15/11/1971,Male,Port Stevenland,NT,Australia,2019-12-31,premium
444,Darryl,Anderson,darryl.anderson79@gmail.com,+61745279852,2000-12-08,m,Anthonyville,NT,Australia,23/06/2021,standard
445,Jeffrey,Vincent,jeffrey.vincent5@yahoo.com,0723216110,1971-12-14,female,Toddton,NT,Aus,2019-11-07,Premium
446,James,Johnson,sherry.wallace76@hotmail.com,0407.140.140,09/09/1996,m,East Samanthaborough,ACT,Australia,2023-05-17,vip
447,Briana,Gonzalez,briana.gonzalez69@hotmail.com,1249 5528,04/03/1975,Male,East Cory,NSW,Aus,06/14/2019,Standard
448,Belinda,Smith,belinda.smith14@yahoo.com,07.2801.3875,12/02/1976,Female,St. Emily,NSW,,2021-09-23,standard
449,Daniel,Davenport,daniel.davenport70@yahoo.com.au,+61-3-8361-5171,,M,St. Kathryn,TAS,Australia,29/12/2021,Premium
450,Janet,Hawkins,janet.hawkins59@gmail.com,5716.4794,13/01/1999,M,Perezchester,QLD,Aus,2023-11-26,Premium
451,Kelly,Wyatt,kelly.wyatt6@yahoo.com,7520.7167,02/06/1989,F,East Douglasfurt,NT,,2019-09-25,standard
452,Heather,Madden,heather.madden15@yahoo.com,5353.9613,1995-11-06,male,Hardyview,TAS,Australia,14/06/2022,vip
453,Kathy,Miranda,kathy.miranda28@hotmail.com.au,(08) 5796 7842,09/08/1986,Male,Rodriguezview,TAS,,22/12/2019,Premium
454,Tracy,Hall,tracy.hall6@yahoo.com,1017 0269,,female,Ericville,VIC,,2023-10-02,Premium
455,Kathleen,Guerrero,kathleen.guerrero37@hotmail.com.au,+61834778485,20/03/1996,m,North Vickiville,NT,Aus,11/06/2023,Premium
456,Patrick,Edwards,lisa.mcneil5@yahoo.com.au,+61.8.0028.4276,03/03/1992,M,New Jennifer,WA,australia,2021-10-20,Premium
457,Tony,Rodriguez,tony.rodriguez47@yahoo.com.au,+61.488.977.828,17/03/1984,Female,Port Joseshire,VIC,australia,2021-11-05,Standard
458,Tara,Jensen,tara.jensen23@hotmail.com,(07)-0090-2559,22/05/2001,f,Lake Oscarchester,NT,Australia,2019-03-30,Premium
459,Michael,Howard,michael.howard23@hotmail.com,,21/04/1961,f,Lake Geoffreyside,ACT,australia,09/20/2021,premium
460,Mark,Murray,mark.murray15@yahoo.com.au,0486.407.905,1964-05-25,F,Hudsonmouth,NT,,2020-04-30,premium
461,Ashley,Stokes,ashley.stokes28@gmail.com,+61.435.785.294,29/05/1980,m,Taraborough,WA,AU,2019-12-31,vip
462,Tyler,Boone,tyler.boone18@gmail.com,0434-404-963,18/11/1980,Male,East Brittanyview,QLD,,28/07/2021,standard
463,Carlos,Solis,carlos.solis53@yahoo.com.au,+61-3-5148-4685,1981-12-11,male,Port Richard,WA,australia,01/11/2023,Premium
464,Colleen,Chavez,colleen.chavez20@hotmail.com.au,,2000-04-16,M,Michaelton,ACT,,2019-01-11,Standard
465,Alexa,Diaz,alexa.diaz64@yahoo.com,0346651364,19/01/1985,m,Debbieview,WA,,03/23/2023,premium
466,Gloria,Young,gloria.young91@yahoo.com,23034778,1985-08-02,male,Hendersonton,QLD,AU,2023-03-11,standard
467,James,Nelson,james.nelson50@gmail.com,(07) 8207 0015,12/07/1974,Female,Michellechester,VIC,,2021-12-23,Premium
468,Penny,Powers,penny.powers87@gmail.com,+61 3 3198 1898,1962-04-24,Male,Tylerland,VIC,,16/08/2019,premium
469,John,Martinez,john.martinez43@hotmail.com,(08).3632.1234,03/02/1965,Female,Ortizshire,TAS,AU,2022-08-22,vip
470,Brian,Ferguson,brian.ferguson7@gmail.com,(08).7342.5754,1975-06-27,m,North Mckenzieton,NT,,2021-07-15,premium
471,Hannah,Mccormick,hannah.mccormick59@yahoo.com,(08) 4518 3760,1977-07-10,m,Penningtonview,VIC,australia,13/01/2024,Premium
472,Kevin,Mayer,ann.rodriguez39@yahoo.com,(03)-2756-0417,06/29/2003,M,Mclaughlinmouth,SA,australia,29/10/2022,Premium
473,Jennifer,Mcdowell,jennifer.mcdowell83@gmail.com,07-8156-9857,1985-12-16,female,North Danielleburgh,NT,AU,12/03/2020,premium
474,Crystal,Gibbs,crystal.gibbs34@yahoo.com,,09/06/1976,Male,West Melanie,QLD,,13/08/2020,premium
475,Gina,Sparks,gina.sparks21@hotmail.com,+61.8.2429.5431,11/05/1961,M,Richardsonfurt,TAS,AU,2020-10-10,Premium
476,Nancy,Duffy,nancy.duffy21@hotmail.com.au,0208931734,13/06/1965,f,North Richard,QLD,Australia,02/29/2024,vip
477,Roy,Green,roy.green61@gmail.com,(03)91086771,30/06/2003,female,South James,TAS,Australia,2024-04-17,premium
478,Michelle,Casey,michelle.casey87@hotmail.com,+61826393436,1973-10-26,f,Port Laura,NSW,,20/02/2019,vip
479,Anthony,Cherry,rebecca.mathis69@gmail.com,+61 473 597 107,1998-02-07,f,Lake Terri,NSW,AU,2021-07-01,vip
480,Raymond,Lewis,raymond.lewis50@yahoo.com.au,+61-7-1180-0537,1972-10-07,female,Wendyton,ACT,Aus,2020-12-07,Standard
481,Adam,Wagner,adam.wagner18@yahoo.com.au,(08)-5280-9242,10/27/1986,male,Conradmouth,VIC,Australia,06/26/2019,Standard
482,David,Stewart,david.stewart23@hotmail.com.au,+61-3-4150-2745,10/11/1991,m,Campbellview,NT,Australia,03/09/2022,Premium
483,Chloe,Juarez,chloe.juarez39@hotmail.com,0456 257 287,09/03/1993,female,South Edgarbury,VIC,AU,2021-08-07,premium
484,Isaac,Harrison,isaac.harrison4@yahoo.com,,06/07/1972,male,Rodriguezberg,SA,Aus,2021-10-06,vip
485,David,Davis,david.davis66@hotmail.com,03-8499-3908,14/10/1960,Male,Port Samantha,TAS,,09/28/2023,Standard
486,John,Jimenez,john.jimenez82@gmail.com,(02).4165.9152,1975-12-20,Male,East Stevefort,VIC,,04/10/2019,vip
487,Shawn,Moses,shawn.moses88@hotmail.com.au,+61.405.097.592,03/05/1972,M,North Laurie,QLD,,2022-11-04,Standard
488,Justin,Yates,justin.yates44@gmail.com,0496-164-236,25/04/1967,F,North Melissaburgh,ACT,Aus,2019-07-29,premium
489,Paul,Powell,paul.powell3@yahoo.com,47649251,12/22/1973,m,Williamfort,NSW,Australia,16/11/2022,premium
490,Sean,Hughes,sean.hughes40@hotmail.com,0496.165.926,1965-11-03,female,Davishaven,ACT,Australia,2019-06-10,Premium
491,Matthew,Ford,matthew.ford76@yahoo.com,,1965-05-02,F,St. Kevinberg,WA,,04/02/2024,vip
492,Gabrielle,Evans,gabrielle.evans4@yahoo.com,0464 908 108,12/10/1997,Female,Port Robertmouth,VIC,Australia,2023-03-09,Premium
493,Donna,Carroll,donna.carroll28@hotmail.com,(07)91801722,2003-04-03,F,Williamschester,WA,,2020-07-31,vip
494,Nancy,Evans,nancy.evans90@hotmail.com.au,+61.8.9452.3219,09/21/1979,male,Monicaville,WA,,2022-10-11,vip
495,Ryan,Smith,ryan.smith16@yahoo.com.au,02776974,04/25/1983,M,Hannahfurt,VIC,AU,2019-10-06,vip
496,Linda,Miller,linda.miller59@yahoo.com,3103 0372,1973-12-29,male,Port Megan,WA,Australia,2022-11-08,vip
497,Michele,Ryan,kristie.moore98@hotmail.com.au,(08)-2760-1227,1982-01-20,male,Ruizmouth,ACT,,08/10/2022,standard
498,Brenda,Harris,brenda.harris47@hotmail.com.au,+61 2 5016 6799,1975-03-11,male,Benjaminfurt,NT,AU,02/15/2020,Standard
499,Todd,Garza,todd.garza46@hotmail.com.au,+61.473.080.695,01/21/1987,female,New Patriciachester,VIC,Australia,2024-04-29,premium
500,Pamela,Wilson,pamela.wilson81@hotmail.com.au,+61-457-602-437,1961-05-01,Male,Samuelhaven,ACT,,23/07/2019,vip
